{
   "station": [
      217077.7337794,
      282511.18594214,
      -126119.82000035
   ],
   "voyage": [
      110391.78102407,
      140263.16057369,
      -129467.51457808
   ],
   "arriver": [
      57668.088498964,
      111416.21683603,
      -113590.99781884
   ],
   "arriver2":[57839.791797851,111345.95720509,-113783.02568957],
   "arriver2string":"::pos{0,2,5.6978,62.5484,38.4874}",
   "arriver2string2":"::pos{0,2,5.7006,62.5472,-0.0004}"
   
}
